{
	"ComparisionData": [{
			"legacyempid": 1009,
			"newempid": 1009,
			"paygroup": "Monthly",
			"payperiod": 20160115,
			"paydate": 20160115,
			"comparecodes": "compbasic",
			"hours": "-24",
			"amount": "-270.0",
			"taxablewages": "-80.0"
		}, {
			"legacyempid": 1009,
			"newempid": 1009,
			"paygroup": "Monthly",
			"payperiod": 20160115,
			"paydate": 20160115,
			"comparecodes": "compvariable",
			"hours": "24",
			"amount": "100.0",
			"taxablewages": "80.0"
		}, {
			"legacyempid": 1006,
			"newempid": 1006,
			"paygroup": "Monthly",
			"payperiod": 20160115,
			"paydate": 20160115,
			"comparecodes": "compbasic",
			"hours": "-24",
			"amount": "In Sync",
			"taxablewages": "-80.0"
		}, {
			"legacyempid": 1006,
			"newempid": 1006,
			"paygroup": "Monthly",
			"payperiod": 20160115,
			"paydate": 20160115,
			"comparecodes": "compvariable",
			"hours": "24",
			"amount": "600.0",
			"taxablewages": "80.0"
		}, {
			"legacyempid": 1008,
			"newempid": 1008,
			"paygroup": "Monthly",
			"payperiod": 20160115,
			"paydate": 20160115,
			"comparecodes": "compbasic",
			"hours": "-24",
			"amount": "-170.0",
			"taxablewages": "-80.0"
		}, {
			"legacyempid": 1008,
			"newempid": 1008,
			"paygroup": "Monthly",
			"payperiod": 20160115,
			"paydate": 20160115,
			"comparecodes": "compvariable",
			"hours": "24",
			"amount": "In Sync",
			"taxablewages": "80.0"
		}, {
			"legacyempid": 1004,
			"newempid": 2004,
			"paygroup": "Monthly",
			"payperiod": 20160115,
			"paydate": 20160115,
			"comparecodes": "compbasic",
			"hours": "-24",
			"amount": "In Sync",
			"taxablewages": "-80.0"
		}, {
			"legacyempid": 1004,
			"newempid": 2004,
			"paygroup": "Monthly",
			"payperiod": 20160115,
			"paydate": 20160115,
			"comparecodes": "compvariable",
			"hours": "24",
			"amount": "In Sync",
			"taxablewages": "80.0"
		}, {
			"legacyempid": 1007,
			"newempid": 1007,
			"paygroup": "Monthly",
			"payperiod": 20160115,
			"paydate": 20160115,
			"comparecodes": "compbasic",
			"hours": "-24",
			"amount": "In Sync",
			"taxablewages": "-80.0"
		}, {
			"legacyempid": 1007,
			"newempid": 1007,
			"paygroup": "Monthly",
			"payperiod": 20160115,
			"paydate": 20160115,
			"comparecodes": "compvariable",
			"hours": "24",
			"amount": "-500.0",
			"taxablewages": "80.0"
		}, {
			"legacyempid": 1005,
			"newempid": 2005,
			"paygroup": "Monthly",
			"payperiod": 20160115,
			"paydate": 20160115,
			"comparecodes": "compbasic",
			"hours": "-24",
			"amount": "In Sync",
			"taxablewages": "-80.0"
		}, {
			"legacyempid": 1005,
			"newempid": 2005,
			"paygroup": "Monthly",
			"payperiod": 20160115,
			"paydate": 20160115,
			"comparecodes": "compvariable",
			"hours": "24",
			"amount": "In Sync",
			"taxablewages": "80.0"
		}, {
			"legacyempid": 1001,
			"newempid": 2001,
			"paygroup": "Monthly",
			"payperiod": 20160115,
			"paydate": 20160115,
			"comparecodes": "compbasic",
			"hours": "-24",
			"amount": "In Sync",
			"taxablewages": "-80.0"
		}, {
			"legacyempid": 1001,
			"newempid": 2001,
			"paygroup": "Monthly",
			"payperiod": 20160115,
			"paydate": 20160115,
			"comparecodes": "compvariable",
			"hours": "24",
			"amount": "In Sync",
			"taxablewages": "80.0"
		}, {
			"legacyempid": 1003,
			"newempid": 2003,
			"paygroup": "Monthly",
			"payperiod": 20160115,
			"paydate": 20160115,
			"comparecodes": "compbasic",
			"hours": "-24",
			"amount": "In Sync",
			"taxablewages": "-80.0"
		}, {
			"legacyempid": 1003,
			"newempid": 2003,
			"paygroup": "Monthly",
			"payperiod": 20160115,
			"paydate": 20160115,
			"comparecodes": "compvariable",
			"hours": "24",
			"amount": "In Sync",
			"taxablewages": "80.0"
		}, {
			"legacyempid": 1002,
			"newempid": 2002,
			"paygroup": "Monthly",
			"payperiod": 20160115,
			"paydate": 20160115,
			"comparecodes": "compbasic",
			"hours": "-24",
			"amount": "In Sync",
			"taxablewages": "-80.0"
		}, {
			"legacyempid": 1002,
			"newempid": 2002,
			"paygroup": "Monthly",
			"payperiod": 20160115,
			"paydate": 20160115,
			"comparecodes": "compvariable",
			"hours": "24",
			"amount": "In Sync",
			"taxablewages": "80.0"
		}, {
			"legacyempid": 1010,
			"newempid": 1010,
			"paygroup": "Monthly",
			"payperiod": 20160115,
			"paydate": 20160115,
			"comparecodes": "compbasic",
			"hours": "-24",
			"amount": "-570.0",
			"taxablewages": "-80.0"
		}, {
			"legacyempid": 1010,
			"newempid": 1010,
			"paygroup": "Monthly",
			"payperiod": 20160115,
			"paydate": 20160115,
			"comparecodes": "compvariable",
			"hours": "24",
			"amount": "-100.0",
			"taxablewages": "80.0"
		}
	]
}
